"Name","Concentrated Poverty"
"Description","The total population living in extreme-poverty neighborhoods. Extreme-poverty neighborhoods are census tracts with poverty rates of 40 percent or higher."
"Source Notes","U.S. Census Bureau, American Community Survey 5-Year Estimates, Table S1701 (2010-2020); retrieved from <a href=""https://data.census.gov/"">https://data.census.gov/</a><a href=""http://factfinder2.census.gov/"" target=""_blank""></a>."
"Notes","Percents refer to percent of total population."

Location,TimeFrame,DataFormat,Data,Fips
Battery Park/Tribeca,2010,Number,0,101
Greenwich Village,2010,Number,0,102
Lower East Side,2010,Number,13484,103
Chelsea/Clinton,2010,Number,503.99714,104
Midtown Business District,2010,Number,744.00286,105
Murray Hill/Stuyvesant,2010,Number,0,106
Upper West Side,2010,Number,0,107
Upper East Side,2010,Number,0,108
Manhattanville,2010,Number,9268,109
Central Harlem,2010,Number,21137,110
East Harlem,2010,Number,18749,111
Washington Heights,2010,Number,1601,112
Mott Haven,2010,Number,59369.96366,201
Hunts Point,2010,Number,33901.03634,202
Morrisania,2010,Number,41209.30663,203
Concourse/Highbridge,2010,Number,47793,204
University Heights,2010,Number,60583,205
East Tremont,2010,Number,43020.69337,206
Bedford Park,2010,Number,25733,207
Riverdale,2010,Number,0,208
Unionport/Soundview,2010,Number,8170,209
Throgs Neck,2010,Number,0,210
Pelham Parkway,2010,Number,0,211
Williamsbridge,2010,Number,59,212
Williamsburg/Greenpoint,2010,Number,42541,301
Fort Greene/Brooklyn Hts,2010,Number,6694,302
Bedford Stuyvesant,2010,Number,37364,303
Bushwick,2010,Number,15025,304
East New York,2010,Number,21987,305
Park Slope,2010,Number,7737,306
Sunset Park,2010,Number,3784,307
Crown Heights North,2010,Number,9576,308
Crown Heights South,2010,Number,845,309
Bay Ridge,2010,Number,0,310
Bensonhurst,2010,Number,0,311
Borough Park,2010,Number,18215,312
Coney Island,2010,Number,857,313
Flatbush/Midwood,2010,Number,2359,314
Sheepshead Bay,2010,Number,4808,315
Brownsville,2010,Number,43698,316
East Flatbush,2010,Number,0,317
Canarsie,2010,Number,7245,318
Astoria,2010,Number,3905,401
Sunnyside/Woodside,2010,Number,0,402
Jackson Heights,2010,Number,0,403
Elmhurst/Corona,2010,Number,0,404
Ridgewood/Glendale,2010,Number,1349,405
Rego Park/Forest Hills,2010,Number,0,406
Flushing,2010,Number,0,407
Fresh Meadows/Briarwood,2010,Number,0,408
Woodhaven,2010,Number,0,409
Howard Beach,2010,Number,0,410
Bayside,2010,Number,0,411
Jamaica/St. Albans,2010,Number,0,412
Queens Village,2010,Number,0,413
The Rockaways,2010,Number,9840,414
St. George,2010,Number,1445,501
South Beach,2010,Number,0,502
Tottenville,2010,Number,0,503
Bronx,2010,Number,319839,36005
Brooklyn,2010,Number,222735,36047
Manhattan,2010,Number,65487,36061
Queens,2010,Number,15094,36081
Staten Island,2010,Number,1445,36085
New York City,2010,Number,624600,3651000
Battery Park/Tribeca,2010,Percent,0,101
Greenwich Village,2010,Percent,0,102
Lower East Side,2010,Percent,0.08389,103
Chelsea/Clinton,2010,Percent,0.00935,104
Midtown Business District,2010,Percent,0.00935,105
Murray Hill/Stuyvesant,2010,Percent,0,106
Upper West Side,2010,Percent,0,107
Upper East Side,2010,Percent,0,108
Manhattanville,2010,Percent,0.08062,109
Central Harlem,2010,Percent,0.17635,110
East Harlem,2010,Percent,0.15483,111
Washington Heights,2010,Percent,0.00771,112
Mott Haven,2010,Percent,0.67257,201
Hunts Point,2010,Percent,0.67257,202
Morrisania,2010,Percent,0.57705,203
Concourse/Highbridge,2010,Percent,0.35593,204
University Heights,2010,Percent,0.45396,205
East Tremont,2010,Percent,0.57705,206
Bedford Park,2010,Percent,0.21259,207
Riverdale,2010,Percent,0,208
Unionport/Soundview,2010,Percent,0.04613,209
Throgs Neck,2010,Percent,0,210
Pelham Parkway,2010,Percent,0,211
Williamsbridge,2010,Percent,0.00041,212
Williamsburg/Greenpoint,2010,Percent,0.30032,301
Fort Greene/Brooklyn Hts,2010,Percent,0.06015,302
Bedford Stuyvesant,2010,Percent,0.28956,303
Bushwick,2010,Percent,0.11742,304
East New York,2010,Percent,0.14475,305
Park Slope,2010,Percent,0.06967,306
Sunset Park,2010,Percent,0.02621,307
Crown Heights North,2010,Percent,0.07968,308
Crown Heights South,2010,Percent,0.008,309
Bay Ridge,2010,Percent,0,310
Bensonhurst,2010,Percent,0,311
Borough Park,2010,Percent,0.11348,312
Coney Island,2010,Percent,0.00823,313
Flatbush/Midwood,2010,Percent,0.0151,314
Sheepshead Bay,2010,Percent,0.03467,315
Brownsville,2010,Percent,0.39272,316
East Flatbush,2010,Percent,0,317
Canarsie,2010,Percent,0.03603,318
Astoria,2010,Percent,0.02274,401
Sunnyside/Woodside,2010,Percent,0,402
Jackson Heights,2010,Percent,0,403
Elmhurst/Corona,2010,Percent,0,404
Ridgewood/Glendale,2010,Percent,0.00803,405
Rego Park/Forest Hills,2010,Percent,0,406
Flushing,2010,Percent,0,407
Fresh Meadows/Briarwood,2010,Percent,0,408
Woodhaven,2010,Percent,0,409
Howard Beach,2010,Percent,0,410
Bayside,2010,Percent,0,411
Jamaica/St. Albans,2010,Percent,0,412
Queens Village,2010,Percent,0,413
The Rockaways,2010,Percent,0.09187,414
St. George,2010,Percent,0.00875,501
South Beach,2010,Percent,0,502
Tottenville,2010,Percent,0,503
Bronx,2010,Percent,0.24095,36005
Brooklyn,2010,Percent,0.0911,36047
Manhattan,2010,Percent,0.04249,36061
Queens,2010,Percent,0.00693,36081
Staten Island,2010,Percent,0.00318,36085
New York City,2010,Percent,0.0786,3651000
Battery Park/Tribeca,2011,Number,0,101
Greenwich Village,2011,Number,0,102
Lower East Side,2011,Number,12907,103
Chelsea/Clinton,2011,Number,446.65131,104
Midtown Business District,2011,Number,659.34869,105
Murray Hill/Stuyvesant,2011,Number,0,106
Upper West Side,2011,Number,0,107
Upper East Side,2011,Number,0,108
Manhattanville,2011,Number,5871,109
Central Harlem,2011,Number,19278,110
East Harlem,2011,Number,14853,111
Washington Heights,2011,Number,0,112
Mott Haven,2011,Number,57263.67972,201
Hunts Point,2011,Number,32698.32028,202
Morrisania,2011,Number,39390.77413,203
Concourse/Highbridge,2011,Number,39698,204
University Heights,2011,Number,61127,205
East Tremont,2011,Number,41122.22587,206
Bedford Park,2011,Number,15072,207
Riverdale,2011,Number,11903,208
Unionport/Soundview,2011,Number,11691,209
Throgs Neck,2011,Number,0,210
Pelham Parkway,2011,Number,0,211
Williamsbridge,2011,Number,0,212
Williamsburg/Greenpoint,2011,Number,41717,301
Fort Greene/Brooklyn Hts,2011,Number,10223,302
Bedford Stuyvesant,2011,Number,39081,303
Bushwick,2011,Number,13366,304
East New York,2011,Number,25113,305
Park Slope,2011,Number,7904,306
Sunset Park,2011,Number,1410,307
Crown Heights North,2011,Number,12052,308
Crown Heights South,2011,Number,1040,309
Bay Ridge,2011,Number,2981,310
Bensonhurst,2011,Number,0,311
Borough Park,2011,Number,24272,312
Coney Island,2011,Number,6642,313
Flatbush/Midwood,2011,Number,0,314
Sheepshead Bay,2011,Number,4774,315
Brownsville,2011,Number,42887,316
East Flatbush,2011,Number,0,317
Canarsie,2011,Number,7353,318
Astoria,2011,Number,3721,401
Sunnyside/Woodside,2011,Number,0,402
Jackson Heights,2011,Number,0,403
Elmhurst/Corona,2011,Number,0,404
Ridgewood/Glendale,2011,Number,1599,405
Rego Park/Forest Hills,2011,Number,0,406
Flushing,2011,Number,0,407
Fresh Meadows/Briarwood,2011,Number,6510,408
Woodhaven,2011,Number,0,409
Howard Beach,2011,Number,0,410
Bayside,2011,Number,26,411
Jamaica/St. Albans,2011,Number,86,412
Queens Village,2011,Number,0,413
The Rockaways,2011,Number,9626,414
St. George,2011,Number,1573,501
South Beach,2011,Number,0,502
Tottenville,2011,Number,0,503
Bronx,2011,Number,309966,36005
Brooklyn,2011,Number,240815,36047
Manhattan,2011,Number,54015,36061
Queens,2011,Number,21568,36081
Staten Island,2011,Number,1573,36085
New York City,2011,Number,627937,3651000
Battery Park/Tribeca,2011,Percent,0,101
Greenwich Village,2011,Percent,0,102
Lower East Side,2011,Percent,0.08156,103
Chelsea/Clinton,2011,Percent,0.00816,104
Midtown Business District,2011,Percent,0.00816,105
Murray Hill/Stuyvesant,2011,Percent,0,106
Upper West Side,2011,Percent,0,107
Upper East Side,2011,Percent,0,108
Manhattanville,2011,Percent,0.05009,109
Central Harlem,2011,Percent,0.15881,110
East Harlem,2011,Percent,0.12453,111
Washington Heights,2011,Percent,0,112
Mott Haven,2011,Percent,0.64016,201
Hunts Point,2011,Percent,0.64016,202
Morrisania,2011,Percent,0.53721,203
Concourse/Highbridge,2011,Percent,0.28875,204
University Heights,2011,Percent,0.46639,205
East Tremont,2011,Percent,0.53721,206
Bedford Park,2011,Percent,0.12441,207
Riverdale,2011,Percent,0.11741,208
Unionport/Soundview,2011,Percent,0.06561,209
Throgs Neck,2011,Percent,0,210
Pelham Parkway,2011,Percent,0,211
Williamsbridge,2011,Percent,0,212
Williamsburg/Greenpoint,2011,Percent,0.29176,301
Fort Greene/Brooklyn Hts,2011,Percent,0.08949,302
Bedford Stuyvesant,2011,Percent,0.30208,303
Bushwick,2011,Percent,0.10247,304
East New York,2011,Percent,0.16809,305
Park Slope,2011,Percent,0.07059,306
Sunset Park,2011,Percent,0.00981,307
Crown Heights North,2011,Percent,0.09982,308
Crown Heights South,2011,Percent,0.0096,309
Bay Ridge,2011,Percent,0.02356,310
Bensonhurst,2011,Percent,0,311
Borough Park,2011,Percent,0.14937,312
Coney Island,2011,Percent,0.06419,313
Flatbush/Midwood,2011,Percent,0,314
Sheepshead Bay,2011,Percent,0.03426,315
Brownsville,2011,Percent,0.37844,316
East Flatbush,2011,Percent,0,317
Canarsie,2011,Percent,0.03641,318
Astoria,2011,Percent,0.02212,401
Sunnyside/Woodside,2011,Percent,0,402
Jackson Heights,2011,Percent,0,403
Elmhurst/Corona,2011,Percent,0,404
Ridgewood/Glendale,2011,Percent,0.0095,405
Rego Park/Forest Hills,2011,Percent,0,406
Flushing,2011,Percent,0,407
Fresh Meadows/Briarwood,2011,Percent,0.04437,408
Woodhaven,2011,Percent,0,409
Howard Beach,2011,Percent,0,410
Bayside,2011,Percent,0.00022,411
Jamaica/St. Albans,2011,Percent,0.0004,412
Queens Village,2011,Percent,0,413
The Rockaways,2011,Percent,0.08812,414
St. George,2011,Percent,0.0093,501
South Beach,2011,Percent,0,502
Tottenville,2011,Percent,0,503
Bronx,2011,Percent,0.23161,36005
Brooklyn,2011,Percent,0.09769,36047
Manhattan,2011,Percent,0.035,36061
Queens,2011,Percent,0.00984,36081
Staten Island,2011,Percent,0.00343,36085
New York City,2011,Percent,0.07853,3651000
Battery Park/Tribeca,2012,Number,0,101
Greenwich Village,2012,Number,0,102
Lower East Side,2012,Number,13035,103
Chelsea/Clinton,2012,Number,447.459,104
Midtown Business District,2012,Number,660.541,105
Murray Hill/Stuyvesant,2012,Number,0,106
Upper West Side,2012,Number,2,107
Upper East Side,2012,Number,0,108
Manhattanville,2012,Number,9501,109
Central Harlem,2012,Number,14412,110
East Harlem,2012,Number,24644,111
Washington Heights,2012,Number,0,112
Mott Haven,2012,Number,57417.72043,201
Hunts Point,2012,Number,32786.27957,202
Morrisania,2012,Number,43759.75321,203
Concourse/Highbridge,2012,Number,37451,204
University Heights,2012,Number,57237,205
East Tremont,2012,Number,45683.24679,206
Bedford Park,2012,Number,20259,207
Riverdale,2012,Number,5061,208
Unionport/Soundview,2012,Number,9836,209
Throgs Neck,2012,Number,5373,210
Pelham Parkway,2012,Number,0,211
Williamsbridge,2012,Number,9385,212
Williamsburg/Greenpoint,2012,Number,44992,301
Fort Greene/Brooklyn Hts,2012,Number,13870,302
Bedford Stuyvesant,2012,Number,23139,303
Bushwick,2012,Number,15359,304
East New York,2012,Number,26300,305
Park Slope,2012,Number,7205,306
Sunset Park,2012,Number,1308,307
Crown Heights North,2012,Number,11341,308
Crown Heights South,2012,Number,992,309
Bay Ridge,2012,Number,2943,310
Bensonhurst,2012,Number,0,311
Borough Park,2012,Number,33546,312
Coney Island,2012,Number,18863,313
Flatbush/Midwood,2012,Number,9522,314
Sheepshead Bay,2012,Number,4710,315
Brownsville,2012,Number,40743,316
East Flatbush,2012,Number,0,317
Canarsie,2012,Number,10584,318
Astoria,2012,Number,3790,401
Sunnyside/Woodside,2012,Number,0,402
Jackson Heights,2012,Number,0,403
Elmhurst/Corona,2012,Number,3792,404
Ridgewood/Glendale,2012,Number,1349,405
Rego Park/Forest Hills,2012,Number,0,406
Flushing,2012,Number,2050,407
Fresh Meadows/Briarwood,2012,Number,6305,408
Woodhaven,2012,Number,0,409
Howard Beach,2012,Number,0,410
Bayside,2012,Number,15,411
Jamaica/St. Albans,2012,Number,92,412
Queens Village,2012,Number,0,413
The Rockaways,2012,Number,9652,414
St. George,2012,Number,6323,501
South Beach,2012,Number,0,502
Tottenville,2012,Number,0,503
Bronx,2012,Number,324249,36005
Brooklyn,2012,Number,265417,36047
Manhattan,2012,Number,62702,36061
Queens,2012,Number,27045,36081
Staten Island,2012,Number,6323,36085
New York City,2012,Number,685736,3651000
Battery Park/Tribeca,2012,Percent,0,101
Greenwich Village,2012,Percent,0,102
Lower East Side,2012,Percent,0.08235,103
Chelsea/Clinton,2012,Percent,0.00811,104
Midtown Business District,2012,Percent,0.00811,105
Murray Hill/Stuyvesant,2012,Percent,0,106
Upper West Side,2012,Percent,1E-05,107
Upper East Side,2012,Percent,0,108
Manhattanville,2012,Percent,0.07992,109
Central Harlem,2012,Percent,0.1162,110
East Harlem,2012,Percent,0.20725,111
Washington Heights,2012,Percent,0,112
Mott Haven,2012,Percent,0.63613,201
Hunts Point,2012,Percent,0.63613,202
Morrisania,2012,Percent,0.58366,203
Concourse/Highbridge,2012,Percent,0.27078,204
University Heights,2012,Percent,0.43745,205
East Tremont,2012,Percent,0.58366,206
Bedford Park,2012,Percent,0.16513,207
Riverdale,2012,Percent,0.05005,208
Unionport/Soundview,2012,Percent,0.0541,209
Throgs Neck,2012,Percent,0.04727,210
Pelham Parkway,2012,Percent,0,211
Williamsbridge,2012,Percent,0.0658,212
Williamsburg/Greenpoint,2012,Percent,0.31414,301
Fort Greene/Brooklyn Hts,2012,Percent,0.11797,302
Bedford Stuyvesant,2012,Percent,0.17316,303
Bushwick,2012,Percent,0.11612,304
East New York,2012,Percent,0.17349,305
Park Slope,2012,Percent,0.06459,306
Sunset Park,2012,Percent,0.00896,307
Crown Heights North,2012,Percent,0.0948,308
Crown Heights South,2012,Percent,0.00905,309
Bay Ridge,2012,Percent,0.0229,310
Bensonhurst,2012,Percent,0,311
Borough Park,2012,Percent,0.20825,312
Coney Island,2012,Percent,0.18132,313
Flatbush/Midwood,2012,Percent,0.06114,314
Sheepshead Bay,2012,Percent,0.03295,315
Brownsville,2012,Percent,0.3517,316
East Flatbush,2012,Percent,0,317
Canarsie,2012,Percent,0.05169,318
Astoria,2012,Percent,0.02244,401
Sunnyside/Woodside,2012,Percent,0,402
Jackson Heights,2012,Percent,0,403
Elmhurst/Corona,2012,Percent,0.02748,404
Ridgewood/Glendale,2012,Percent,0.00803,405
Rego Park/Forest Hills,2012,Percent,0,406
Flushing,2012,Percent,0.00832,407
Fresh Meadows/Briarwood,2012,Percent,0.04265,408
Woodhaven,2012,Percent,0,409
Howard Beach,2012,Percent,0,410
Bayside,2012,Percent,0.00013,411
Jamaica/St. Albans,2012,Percent,0.00042,412
Queens Village,2012,Percent,0,413
The Rockaways,2012,Percent,0.08659,414
St. George,2012,Percent,0.03738,501
South Beach,2012,Percent,0,502
Tottenville,2012,Percent,0,503
Bronx,2012,Percent,0.24017,36005
Brooklyn,2012,Percent,0.10648,36047
Manhattan,2012,Percent,0.04043,36061
Queens,2012,Percent,0.01223,36081
Staten Island,2012,Percent,0.01371,36085
New York City,2012,Percent,0.08501,3651000
Battery Park/Tribeca,2013,Number,0,101
Greenwich Village,2013,Number,0,102
Lower East Side,2013,Number,12644,103
Chelsea/Clinton,2013,Number,435.74753,104
Midtown Business District,2013,Number,643.25247,105
Murray Hill/Stuyvesant,2013,Number,0,106
Upper West Side,2013,Number,3,107
Upper East Side,2013,Number,0,108
Manhattanville,2013,Number,5930,109
Central Harlem,2013,Number,20388,110
East Harlem,2013,Number,18880,111
Washington Heights,2013,Number,0,112
Mott Haven,2013,Number,49809.25504,201
Hunts Point,2013,Number,28441.74496,202
Morrisania,2013,Number,56130.86241,203
Concourse/Highbridge,2013,Number,35675,204
University Heights,2013,Number,72502,205
East Tremont,2013,Number,58598.13759,206
Bedford Park,2013,Number,21208,207
Riverdale,2013,Number,5773,208
Unionport/Soundview,2013,Number,35474,209
Throgs Neck,2013,Number,5653,210
Pelham Parkway,2013,Number,156,211
Williamsbridge,2013,Number,9586,212
Williamsburg/Greenpoint,2013,Number,50663,301
Fort Greene/Brooklyn Hts,2013,Number,15247,302
Bedford Stuyvesant,2013,Number,38063,303
Bushwick,2013,Number,8946,304
East New York,2013,Number,35262,305
Park Slope,2013,Number,7033,306
Sunset Park,2013,Number,12247,307
Crown Heights North,2013,Number,14142,308
Crown Heights South,2013,Number,4321,309
Bay Ridge,2013,Number,3113,310
Bensonhurst,2013,Number,0,311
Borough Park,2013,Number,50103,312
Coney Island,2013,Number,24131,313
Flatbush/Midwood,2013,Number,3621,314
Sheepshead Bay,2013,Number,4615,315
Brownsville,2013,Number,42948,316
East Flatbush,2013,Number,6603,317
Canarsie,2013,Number,7837,318
Astoria,2013,Number,2131,401
Sunnyside/Woodside,2013,Number,0,402
Jackson Heights,2013,Number,0,403
Elmhurst/Corona,2013,Number,0,404
Ridgewood/Glendale,2013,Number,1603,405
Rego Park/Forest Hills,2013,Number,0,406
Flushing,2013,Number,0,407
Fresh Meadows/Briarwood,2013,Number,6747,408
Woodhaven,2013,Number,0,409
Howard Beach,2013,Number,0,410
Bayside,2013,Number,18,411
Jamaica/St. Albans,2013,Number,6146,412
Queens Village,2013,Number,0,413
The Rockaways,2013,Number,9859,414
St. George,2013,Number,1569,501
South Beach,2013,Number,0,502
Tottenville,2013,Number,0,503
Bronx,2013,Number,379007,36005
Brooklyn,2013,Number,328895,36047
Manhattan,2013,Number,58924,36061
Queens,2013,Number,26504,36081
Staten Island,2013,Number,1569,36085
New York City,2013,Number,794899,3651000
Battery Park/Tribeca,2013,Percent,0,101
Greenwich Village,2013,Percent,0,102
Lower East Side,2013,Percent,0.07942,103
Chelsea/Clinton,2013,Percent,0.00775,104
Midtown Business District,2013,Percent,0.00775,105
Murray Hill/Stuyvesant,2013,Percent,0,106
Upper West Side,2013,Percent,2E-05,107
Upper East Side,2013,Percent,0,108
Manhattanville,2013,Percent,0.0494,109
Central Harlem,2013,Percent,0.16092,110
East Harlem,2013,Percent,0.16243,111
Washington Heights,2013,Percent,0,112
Mott Haven,2013,Percent,0.54286,201
Hunts Point,2013,Percent,0.54286,202
Morrisania,2013,Percent,0.73743,203
Concourse/Highbridge,2013,Percent,0.25945,204
University Heights,2013,Percent,0.54994,205
East Tremont,2013,Percent,0.73743,206
Bedford Park,2013,Percent,0.17279,207
Riverdale,2013,Percent,0.05676,208
Unionport/Soundview,2013,Percent,0.19347,209
Throgs Neck,2013,Percent,0.04826,210
Pelham Parkway,2013,Percent,0.00125,211
Williamsbridge,2013,Percent,0.06744,212
Williamsburg/Greenpoint,2013,Percent,0.34603,301
Fort Greene/Brooklyn Hts,2013,Percent,0.12606,302
Bedford Stuyvesant,2013,Percent,0.28228,303
Bushwick,2013,Percent,0.06535,304
East New York,2013,Percent,0.23288,305
Park Slope,2013,Percent,0.06244,306
Sunset Park,2013,Percent,0.08286,307
Crown Heights North,2013,Percent,0.11554,308
Crown Heights South,2013,Percent,0.03972,309
Bay Ridge,2013,Percent,0.02388,310
Bensonhurst,2013,Percent,0,311
Borough Park,2013,Percent,0.3086,312
Coney Island,2013,Percent,0.23151,313
Flatbush/Midwood,2013,Percent,0.02327,314
Sheepshead Bay,2013,Percent,0.03153,315
Brownsville,2013,Percent,0.36205,316
East Flatbush,2013,Percent,0.04806,317
Canarsie,2013,Percent,0.03829,318
Astoria,2013,Percent,0.01259,401
Sunnyside/Woodside,2013,Percent,0,402
Jackson Heights,2013,Percent,0,403
Elmhurst/Corona,2013,Percent,0,404
Ridgewood/Glendale,2013,Percent,0.00955,405
Rego Park/Forest Hills,2013,Percent,0,406
Flushing,2013,Percent,0,407
Fresh Meadows/Briarwood,2013,Percent,0.04502,408
Woodhaven,2013,Percent,0,409
Howard Beach,2013,Percent,0,410
Bayside,2013,Percent,0.00015,411
Jamaica/St. Albans,2013,Percent,0.02723,412
Queens Village,2013,Percent,0,413
The Rockaways,2013,Percent,0.088,414
St. George,2013,Percent,0.00921,501
South Beach,2013,Percent,0,502
Tottenville,2013,Percent,0,503
Bronx,2013,Percent,0.27858,36005
Brooklyn,2013,Percent,0.13054,36047
Manhattan,2013,Percent,0.03779,36061
Queens,2013,Percent,0.01187,36081
Staten Island,2013,Percent,0.00338,36085
New York City,2013,Percent,0.09771,3651000
Battery Park/Tribeca,2014,Number,0,101
Greenwich Village,2014,Number,0,102
Lower East Side,2014,Number,12833,103
Chelsea/Clinton,2014,Number,432.51678,104
Midtown Business District,2014,Number,638.48322,105
Murray Hill/Stuyvesant,2014,Number,0,106
Upper West Side,2014,Number,3,107
Upper East Side,2014,Number,0,108
Manhattanville,2014,Number,6040,109
Central Harlem,2014,Number,21051,110
East Harlem,2014,Number,22313,111
Washington Heights,2014,Number,0,112
Mott Haven,2014,Number,63590.80647,201
Hunts Point,2014,Number,36311.19353,202
Morrisania,2014,Number,57366.21203,203
Concourse/Highbridge,2014,Number,59627,204
University Heights,2014,Number,69931,205
East Tremont,2014,Number,59887.78797,206
Bedford Park,2014,Number,14533,207
Riverdale,2014,Number,58,208
Unionport/Soundview,2014,Number,36295,209
Throgs Neck,2014,Number,6060,210
Pelham Parkway,2014,Number,0,211
Williamsbridge,2014,Number,5287,212
Williamsburg/Greenpoint,2014,Number,40424,301
Fort Greene/Brooklyn Hts,2014,Number,16424,302
Bedford Stuyvesant,2014,Number,41808,303
Bushwick,2014,Number,6082,304
East New York,2014,Number,32673,305
Park Slope,2014,Number,6654,306
Sunset Park,2014,Number,16251,307
Crown Heights North,2014,Number,17026,308
Crown Heights South,2014,Number,4056,309
Bay Ridge,2014,Number,0,310
Bensonhurst,2014,Number,0,311
Borough Park,2014,Number,54869,312
Coney Island,2014,Number,28956,313
Flatbush/Midwood,2014,Number,3884,314
Sheepshead Bay,2014,Number,4561,315
Brownsville,2014,Number,40621,316
East Flatbush,2014,Number,0,317
Canarsie,2014,Number,7737,318
Astoria,2014,Number,13507,401
Sunnyside/Woodside,2014,Number,0,402
Jackson Heights,2014,Number,0,403
Elmhurst/Corona,2014,Number,3590,404
Ridgewood/Glendale,2014,Number,0,405
Rego Park/Forest Hills,2014,Number,0,406
Flushing,2014,Number,0,407
Fresh Meadows/Briarwood,2014,Number,6386,408
Woodhaven,2014,Number,0,409
Howard Beach,2014,Number,0,410
Bayside,2014,Number,24,411
Jamaica/St. Albans,2014,Number,107,412
Queens Village,2014,Number,0,413
The Rockaways,2014,Number,9414,414
St. George,2014,Number,1746,501
South Beach,2014,Number,0,502
Tottenville,2014,Number,0,503
Bronx,2014,Number,408947,36005
Brooklyn,2014,Number,322026,36047
Manhattan,2014,Number,63311,36061
Queens,2014,Number,33028,36081
Staten Island,2014,Number,1746,36085
New York City,2014,Number,829058,3651000
Battery Park/Tribeca,2014,Percent,0,101
Greenwich Village,2014,Percent,0,102
Lower East Side,2014,Percent,0.08194,103
Chelsea/Clinton,2014,Percent,0.00748,104
Midtown Business District,2014,Percent,0.00748,105
Murray Hill/Stuyvesant,2014,Percent,0,106
Upper West Side,2014,Percent,2E-05,107
Upper East Side,2014,Percent,0,108
Manhattanville,2014,Percent,0.05046,109
Central Harlem,2014,Percent,0.16305,110
East Harlem,2014,Percent,0.19005,111
Washington Heights,2014,Percent,0,112
Mott Haven,2014,Percent,0.68057,201
Hunts Point,2014,Percent,0.68057,202
Morrisania,2014,Percent,0.72622,203
Concourse/Highbridge,2014,Percent,0.42791,204
University Heights,2014,Percent,0.53389,205
East Tremont,2014,Percent,0.72622,206
Bedford Park,2014,Percent,0.11776,207
Riverdale,2014,Percent,0.00056,208
Unionport/Soundview,2014,Percent,0.19606,209
Throgs Neck,2014,Percent,0.05034,210
Pelham Parkway,2014,Percent,0,211
Williamsbridge,2014,Percent,0.03769,212
Williamsburg/Greenpoint,2014,Percent,0.27138,301
Fort Greene/Brooklyn Hts,2014,Percent,0.13203,302
Bedford Stuyvesant,2014,Percent,0.30581,303
Bushwick,2014,Percent,0.04416,304
East New York,2014,Percent,0.21733,305
Park Slope,2014,Percent,0.05832,306
Sunset Park,2014,Percent,0.10964,307
Crown Heights North,2014,Percent,0.13828,308
Crown Heights South,2014,Percent,0.03709,309
Bay Ridge,2014,Percent,0,310
Bensonhurst,2014,Percent,0,311
Borough Park,2014,Percent,0.33077,312
Coney Island,2014,Percent,0.27456,313
Flatbush/Midwood,2014,Percent,0.02462,314
Sheepshead Bay,2014,Percent,0.03095,315
Brownsville,2014,Percent,0.33297,316
East Flatbush,2014,Percent,0,317
Canarsie,2014,Percent,0.03726,318
Astoria,2014,Percent,0.07841,401
Sunnyside/Woodside,2014,Percent,0,402
Jackson Heights,2014,Percent,0,403
Elmhurst/Corona,2014,Percent,0.02501,404
Ridgewood/Glendale,2014,Percent,0,405
Rego Park/Forest Hills,2014,Percent,0,406
Flushing,2014,Percent,0,407
Fresh Meadows/Briarwood,2014,Percent,0.0423,408
Woodhaven,2014,Percent,0,409
Howard Beach,2014,Percent,0,410
Bayside,2014,Percent,0.0002,411
Jamaica/St. Albans,2014,Percent,0.00046,412
Queens Village,2014,Percent,0,413
The Rockaways,2014,Percent,0.08309,414
St. George,2014,Percent,0.01003,501
South Beach,2014,Percent,0,502
Tottenville,2014,Percent,0,503
Bronx,2014,Percent,0.29694,36005
Brooklyn,2014,Percent,0.12633,36047
Manhattan,2014,Percent,0.04026,36061
Queens,2014,Percent,0.01464,36081
Staten Island,2014,Percent,0.00375,36085
New York City,2014,Percent,0.10086,3651000
Battery Park/Tribeca,2015,Number,0,101
Greenwich Village,2015,Number,0,102
Lower East Side,2015,Number,25112,103
Chelsea/Clinton,2015,Number,431.30524,104
Midtown Business District,2015,Number,636.69476,105
Murray Hill/Stuyvesant,2015,Number,0,106
Upper West Side,2015,Number,4,107
Upper East Side,2015,Number,0,108
Manhattanville,2015,Number,12995,109
Central Harlem,2015,Number,25355,110
East Harlem,2015,Number,32658,111
Washington Heights,2015,Number,0,112
Mott Haven,2015,Number,62089.86433,201
Hunts Point,2015,Number,35454.13567,202
Morrisania,2015,Number,61193.59427,203
Concourse/Highbridge,2015,Number,63474,204
University Heights,2015,Number,72917,205
East Tremont,2015,Number,63883.40573,206
Bedford Park,2015,Number,21096,207
Riverdale,2015,Number,70,208
Unionport/Soundview,2015,Number,37375,209
Throgs Neck,2015,Number,6017,210
Pelham Parkway,2015,Number,0,211
Williamsbridge,2015,Number,5243,212
Williamsburg/Greenpoint,2015,Number,40596,301
Fort Greene/Brooklyn Hts,2015,Number,16297,302
Bedford Stuyvesant,2015,Number,34277,303
Bushwick,2015,Number,5917,304
East New York,2015,Number,17941,305
Park Slope,2015,Number,6916,306
Sunset Park,2015,Number,25520,307
Crown Heights North,2015,Number,12384,308
Crown Heights South,2015,Number,748,309
Bay Ridge,2015,Number,0,310
Bensonhurst,2015,Number,0,311
Borough Park,2015,Number,51679,312
Coney Island,2015,Number,29145,313
Flatbush/Midwood,2015,Number,0,314
Sheepshead Bay,2015,Number,4954,315
Brownsville,2015,Number,44066,316
East Flatbush,2015,Number,0,317
Canarsie,2015,Number,8153,318
Astoria,2015,Number,8783,401
Sunnyside/Woodside,2015,Number,0,402
Jackson Heights,2015,Number,0,403
Elmhurst/Corona,2015,Number,3535,404
Ridgewood/Glendale,2015,Number,0,405
Rego Park/Forest Hills,2015,Number,0,406
Flushing,2015,Number,0,407
Fresh Meadows/Briarwood,2015,Number,7007,408
Woodhaven,2015,Number,0,409
Howard Beach,2015,Number,0,410
Bayside,2015,Number,32,411
Jamaica/St. Albans,2015,Number,134,412
Queens Village,2015,Number,0,413
The Rockaways,2015,Number,6473,414
St. George,2015,Number,6142,501
South Beach,2015,Number,0,502
Tottenville,2015,Number,0,503
Bronx,2015,Number,428813,36005
Brooklyn,2015,Number,298593,36047
Manhattan,2015,Number,97192,36061
Queens,2015,Number,25964,36081
Staten Island,2015,Number,6142,36085
New York City,2015,Number,856704,3651000
Battery Park/Tribeca,2015,Percent,0,101
Greenwich Village,2015,Percent,0,102
Lower East Side,2015,Percent,0.15999,103
Chelsea/Clinton,2015,Percent,0.0073,104
Midtown Business District,2015,Percent,0.0073,105
Murray Hill/Stuyvesant,2015,Percent,0,106
Upper West Side,2015,Percent,2E-05,107
Upper East Side,2015,Percent,0,108
Manhattanville,2015,Percent,0.10769,109
Central Harlem,2015,Percent,0.19339,110
East Harlem,2015,Percent,0.27606,111
Washington Heights,2015,Percent,0,112
Mott Haven,2015,Percent,0.65517,201
Hunts Point,2015,Percent,0.65517,202
Morrisania,2015,Percent,0.7563,203
Concourse/Highbridge,2015,Percent,0.45596,204
University Heights,2015,Percent,0.54377,205
East Tremont,2015,Percent,0.7563,206
Bedford Park,2015,Percent,0.16635,207
Riverdale,2015,Percent,0.00067,208
Unionport/Soundview,2015,Percent,0.20215,209
Throgs Neck,2015,Percent,0.04999,210
Pelham Parkway,2015,Percent,0,211
Williamsbridge,2015,Percent,0.03699,212
Williamsburg/Greenpoint,2015,Percent,0.26528,301
Fort Greene/Brooklyn Hts,2015,Percent,0.12864,302
Bedford Stuyvesant,2015,Percent,0.24705,303
Bushwick,2015,Percent,0.04357,304
East New York,2015,Percent,0.11703,305
Park Slope,2015,Percent,0.06006,306
Sunset Park,2015,Percent,0.17019,307
Crown Heights North,2015,Percent,0.09935,308
Crown Heights South,2015,Percent,0.00678,309
Bay Ridge,2015,Percent,0,310
Bensonhurst,2015,Percent,0,311
Borough Park,2015,Percent,0.31356,312
Coney Island,2015,Percent,0.27251,313
Flatbush/Midwood,2015,Percent,0,314
Sheepshead Bay,2015,Percent,0.03319,315
Brownsville,2015,Percent,0.35675,316
East Flatbush,2015,Percent,0,317
Canarsie,2015,Percent,0.03934,318
Astoria,2015,Percent,0.05066,401
Sunnyside/Woodside,2015,Percent,0,402
Jackson Heights,2015,Percent,0,403
Elmhurst/Corona,2015,Percent,0.0248,404
Ridgewood/Glendale,2015,Percent,0,405
Rego Park/Forest Hills,2015,Percent,0,406
Flushing,2015,Percent,0,407
Fresh Meadows/Briarwood,2015,Percent,0.04531,408
Woodhaven,2015,Percent,0,409
Howard Beach,2015,Percent,0,410
Bayside,2015,Percent,0.00027,411
Jamaica/St. Albans,2015,Percent,0.00057,412
Queens Village,2015,Percent,0,413
The Rockaways,2015,Percent,0.05642,414
St. George,2015,Percent,0.03548,501
South Beach,2015,Percent,0,502
Tottenville,2015,Percent,0,503
Bronx,2015,Percent,0.30792,36005
Brooklyn,2015,Percent,0.116,36047
Manhattan,2015,Percent,0.0614,36061
Queens,2015,Percent,0.01141,36081
Staten Island,2015,Percent,0.01316,36085
New York City,2015,Percent,0.10331,3651000
Battery Park/Tribeca,2016,Number,0,101
Greenwich Village,2016,Number,0,102
Lower East Side,2016,Number,17827,103
Chelsea/Clinton,2016,Number,402.22849,104
Midtown Business District,2016,Number,593.77151,105
Murray Hill/Stuyvesant,2016,Number,0,106
Upper West Side,2016,Number,4,107
Upper East Side,2016,Number,0,108
Manhattanville,2016,Number,6374,109
Central Harlem,2016,Number,29788,110
East Harlem,2016,Number,27888,111
Washington Heights,2016,Number,0,112
Mott Haven,2016,Number,66704.72036,201
Hunts Point,2016,Number,38089.27964,202
Morrisania,2016,Number,46585.64607,203
Concourse/Highbridge,2016,Number,54679,204
University Heights,2016,Number,88244,205
East Tremont,2016,Number,48633.35393,206
Bedford Park,2016,Number,10163,207
Riverdale,2016,Number,4014,208
Unionport/Soundview,2016,Number,29278,209
Throgs Neck,2016,Number,6163,210
Pelham Parkway,2016,Number,0,211
Williamsbridge,2016,Number,5211,212
Williamsburg/Greenpoint,2016,Number,36828,301
Fort Greene/Brooklyn Hts,2016,Number,17218,302
Bedford Stuyvesant,2016,Number,34941,303
Bushwick,2016,Number,6016,304
East New York,2016,Number,31053,305
Park Slope,2016,Number,7281,306
Sunset Park,2016,Number,38220,307
Crown Heights North,2016,Number,10358,308
Crown Heights South,2016,Number,734,309
Bay Ridge,2016,Number,0,310
Bensonhurst,2016,Number,0,311
Borough Park,2016,Number,48104,312
Coney Island,2016,Number,10668,313
Flatbush/Midwood,2016,Number,0,314
Sheepshead Bay,2016,Number,5330,315
Brownsville,2016,Number,41261,316
East Flatbush,2016,Number,0,317
Canarsie,2016,Number,2853,318
Astoria,2016,Number,6592,401
Sunnyside/Woodside,2016,Number,0,402
Jackson Heights,2016,Number,0,403
Elmhurst/Corona,2016,Number,0,404
Ridgewood/Glendale,2016,Number,0,405
Rego Park/Forest Hills,2016,Number,0,406
Flushing,2016,Number,0,407
Fresh Meadows/Briarwood,2016,Number,0,408
Woodhaven,2016,Number,0,409
Howard Beach,2016,Number,62,410
Bayside,2016,Number,33,411
Jamaica/St. Albans,2016,Number,4799,412
Queens Village,2016,Number,0,413
The Rockaways,2016,Number,6679,414
St. George,2016,Number,11186,501
South Beach,2016,Number,0,502
Tottenville,2016,Number,0,503
Bronx,2016,Number,397765,36005
Brooklyn,2016,Number,290865,36047
Manhattan,2016,Number,82877,36061
Queens,2016,Number,18165,36081
Staten Island,2016,Number,11186,36085
New York City,2016,Number,800858,3651000
Battery Park/Tribeca,2016,Percent,0,101
Greenwich Village,2016,Percent,0,102
Lower East Side,2016,Percent,0.11609,103
Chelsea/Clinton,2016,Percent,0.00681,104
Midtown Business District,2016,Percent,0.00681,105
Murray Hill/Stuyvesant,2016,Percent,0,106
Upper West Side,2016,Percent,2E-05,107
Upper East Side,2016,Percent,0,108
Manhattanville,2016,Percent,0.05333,109
Central Harlem,2016,Percent,0.22046,110
East Harlem,2016,Percent,0.23428,111
Washington Heights,2016,Percent,0,112
Mott Haven,2016,Percent,0.69153,201
Hunts Point,2016,Percent,0.69153,202
Morrisania,2016,Percent,0.57091,203
Concourse/Highbridge,2016,Percent,0.39352,204
University Heights,2016,Percent,0.65086,205
East Tremont,2016,Percent,0.57091,206
Bedford Park,2016,Percent,0.07928,207
Riverdale,2016,Percent,0.03846,208
Unionport/Soundview,2016,Percent,0.1556,209
Throgs Neck,2016,Percent,0.05194,210
Pelham Parkway,2016,Percent,0,211
Williamsbridge,2016,Percent,0.03646,212
Williamsburg/Greenpoint,2016,Percent,0.23462,301
Fort Greene/Brooklyn Hts,2016,Percent,0.13204,302
Bedford Stuyvesant,2016,Percent,0.24674,303
Bushwick,2016,Percent,0.04461,304
East New York,2016,Percent,0.20058,305
Park Slope,2016,Percent,0.06304,306
Sunset Park,2016,Percent,0.2573,307
Crown Heights North,2016,Percent,0.08177,308
Crown Heights South,2016,Percent,0.00668,309
Bay Ridge,2016,Percent,0,310
Bensonhurst,2016,Percent,0,311
Borough Park,2016,Percent,0.29316,312
Coney Island,2016,Percent,0.09801,313
Flatbush/Midwood,2016,Percent,0,314
Sheepshead Bay,2016,Percent,0.0354,315
Brownsville,2016,Percent,0.33952,316
East Flatbush,2016,Percent,0,317
Canarsie,2016,Percent,0.01371,318
Astoria,2016,Percent,0.03833,401
Sunnyside/Woodside,2016,Percent,0,402
Jackson Heights,2016,Percent,0,403
Elmhurst/Corona,2016,Percent,0,404
Ridgewood/Glendale,2016,Percent,0,405
Rego Park/Forest Hills,2016,Percent,0,406
Flushing,2016,Percent,0,407
Fresh Meadows/Briarwood,2016,Percent,0,408
Woodhaven,2016,Percent,0,409
Howard Beach,2016,Percent,0.00045,410
Bayside,2016,Percent,0.00028,411
Jamaica/St. Albans,2016,Percent,0.02027,412
Queens Village,2016,Percent,0,413
The Rockaways,2016,Percent,0.05703,414
St. George,2016,Percent,0.06464,501
South Beach,2016,Percent,0,502
Tottenville,2016,Percent,0,503
Bronx,2016,Percent,0.28392,36005
Brooklyn,2016,Percent,0.11253,36047
Manhattan,2016,Percent,0.05219,36061
Queens,2016,Percent,0.00795,36081
Staten Island,2016,Percent,0.02391,36085
New York City,2016,Percent,0.09619,3651000
Battery Park/Tribeca,2017,Number,0,101
Greenwich Village,2017,Number,0,102
Lower East Side,2017,Number,14359,103
Chelsea/Clinton,2017,Number,684.44348,104
Midtown Business District,2017,Number,342.55652,105
Murray Hill/Stuyvesant,2017,Number,0,106
Upper West Side,2017,Number,3,107
Upper East Side,2017,Number,0,108
Manhattanville,2017,Number,6429,109
Central Harlem,2017,Number,15934,110
East Harlem,2017,Number,40223,111
Washington Heights,2017,Number,4322,112
Mott Haven,2017,Number,47664.77918,201
Hunts Point,2017,Number,27217.22082,202
Morrisania,2017,Number,42749.94662,203
Concourse/Highbridge,2017,Number,55335,204
University Heights,2017,Number,71149,205
East Tremont,2017,Number,44629.05338,206
Bedford Park,2017,Number,24649,207
Riverdale,2017,Number,4078,208
Unionport/Soundview,2017,Number,40878,209
Throgs Neck,2017,Number,0,210
Pelham Parkway,2017,Number,3110,211
Williamsbridge,2017,Number,5455,212
Williamsburg/Greenpoint,2017,Number,38667,301
Fort Greene/Brooklyn Hts,2017,Number,13864,302
Bedford Stuyvesant,2017,Number,35411,303
Bushwick,2017,Number,6025,304
East New York,2017,Number,28892,305
Park Slope,2017,Number,7559,306
Sunset Park,2017,Number,20834,307
Crown Heights North,2017,Number,12615,308
Crown Heights South,2017,Number,690,309
Bay Ridge,2017,Number,0,310
Bensonhurst,2017,Number,0,311
Borough Park,2017,Number,43317,312
Coney Island,2017,Number,858,313
Flatbush/Midwood,2017,Number,0,314
Sheepshead Bay,2017,Number,0,315
Brownsville,2017,Number,44361,316
East Flatbush,2017,Number,0,317
Canarsie,2017,Number,7580,318
Astoria,2017,Number,0,401
Sunnyside/Woodside,2017,Number,0,402
Jackson Heights,2017,Number,0,403
Elmhurst/Corona,2017,Number,0,404
Ridgewood/Glendale,2017,Number,0,405
Rego Park/Forest Hills,2017,Number,0,406
Flushing,2017,Number,0,407
Fresh Meadows/Briarwood,2017,Number,0,408
Woodhaven,2017,Number,0,409
Howard Beach,2017,Number,55,410
Bayside,2017,Number,37,411
Jamaica/St. Albans,2017,Number,129,412
Queens Village,2017,Number,0,413
The Rockaways,2017,Number,0,414
St. George,2017,Number,5909,501
South Beach,2017,Number,0,502
Tottenville,2017,Number,0,503
Bronx,2017,Number,366915,36005
Brooklyn,2017,Number,260673,36047
Manhattan,2017,Number,82297,36061
Queens,2017,Number,221,36081
Staten Island,2017,Number,5909,36085
New York City,2017,Number,716015,3651000
Battery Park/Tribeca,2017,Percent,0,101
Greenwich Village,2017,Percent,0,102
Lower East Side,2017,Percent,0.09412,103
Chelsea/Clinton,2017,Percent,0.00688,104
Midtown Business District,2017,Percent,0.00688,105
Murray Hill/Stuyvesant,2017,Percent,0,106
Upper West Side,2017,Percent,2E-05,107
Upper East Side,2017,Percent,0,108
Manhattanville,2017,Percent,0.0531,109
Central Harlem,2017,Percent,0.11592,110
East Harlem,2017,Percent,0.32954,111
Washington Heights,2017,Percent,0.01982,112
Mott Haven,2017,Percent,0.49473,201
Hunts Point,2017,Percent,0.49473,202
Morrisania,2017,Percent,0.51479,203
Concourse/Highbridge,2017,Percent,0.38789,204
University Heights,2017,Percent,0.51191,205
East Tremont,2017,Percent,0.51479,206
Bedford Park,2017,Percent,0.18737,207
Riverdale,2017,Percent,0.03866,208
Unionport/Soundview,2017,Percent,0.21584,209
Throgs Neck,2017,Percent,0,210
Pelham Parkway,2017,Percent,0.02467,211
Williamsbridge,2017,Percent,0.03739,212
Williamsburg/Greenpoint,2017,Percent,0.2413,301
Fort Greene/Brooklyn Hts,2017,Percent,0.10353,302
Bedford Stuyvesant,2017,Percent,0.2453,303
Bushwick,2017,Percent,0.04477,304
East New York,2017,Percent,0.1832,305
Park Slope,2017,Percent,0.06406,306
Sunset Park,2017,Percent,0.14163,307
Crown Heights North,2017,Percent,0.0968,308
Crown Heights South,2017,Percent,0.00636,309
Bay Ridge,2017,Percent,0,310
Bensonhurst,2017,Percent,0,311
Borough Park,2017,Percent,0.26494,312
Coney Island,2017,Percent,0.00759,313
Flatbush/Midwood,2017,Percent,0,314
Sheepshead Bay,2017,Percent,0,315
Brownsville,2017,Percent,0.37133,316
East Flatbush,2017,Percent,0,317
Canarsie,2017,Percent,0.03592,318
Astoria,2017,Percent,0,401
Sunnyside/Woodside,2017,Percent,0,402
Jackson Heights,2017,Percent,0,403
Elmhurst/Corona,2017,Percent,0,404
Ridgewood/Glendale,2017,Percent,0,405
Rego Park/Forest Hills,2017,Percent,0,406
Flushing,2017,Percent,0,407
Fresh Meadows/Briarwood,2017,Percent,0,408
Woodhaven,2017,Percent,0,409
Howard Beach,2017,Percent,0.0004,410
Bayside,2017,Percent,0.00031,411
Jamaica/St. Albans,2017,Percent,0.00053,412
Queens Village,2017,Percent,0,413
The Rockaways,2017,Percent,0,414
St. George,2017,Percent,0.03466,501
South Beach,2017,Percent,0,502
Tottenville,2017,Percent,0,503
Bronx,2017,Percent,0.25841,36005
Brooklyn,2017,Percent,0.09982,36047
Manhattan,2017,Percent,0.05121,36061
Queens,2017,Percent,0.0001,36081
Staten Island,2017,Percent,0.01257,36085
New York City,2017,Percent,0.08502,3651000
Battery Park/Tribeca,2018,Number,0,101
Greenwich Village,2018,Number,0,102
Lower East Side,2018,Number,14242,103
Chelsea/Clinton,2018,Number,731.09493,104
Midtown Business District,2018,Number,365.90507,105
Murray Hill/Stuyvesant,2018,Number,0,106
Upper West Side,2018,Number,2,107
Upper East Side,2018,Number,0,108
Manhattanville,2018,Number,6181,109
Central Harlem,2018,Number,15438,110
East Harlem,2018,Number,39880,111
Washington Heights,2018,Number,4060,112
Mott Haven,2018,Number,50487.16148,201
Hunts Point,2018,Number,28828.83852,202
Morrisania,2018,Number,37120.17705,203
Concourse/Highbridge,2018,Number,50288,204
University Heights,2018,Number,65474,205
East Tremont,2018,Number,38751.82295,206
Bedford Park,2018,Number,5597,207
Riverdale,2018,Number,6589,208
Unionport/Soundview,2018,Number,37603,209
Throgs Neck,2018,Number,0,210
Pelham Parkway,2018,Number,3609,211
Williamsbridge,2018,Number,5892,212
Williamsburg/Greenpoint,2018,Number,42597,301
Fort Greene/Brooklyn Hts,2018,Number,18171,302
Bedford Stuyvesant,2018,Number,35497,303
Bushwick,2018,Number,3466,304
East New York,2018,Number,17239,305
Park Slope,2018,Number,7555,306
Sunset Park,2018,Number,18501,307
Crown Heights North,2018,Number,16095,308
Crown Heights South,2018,Number,549,309
Bay Ridge,2018,Number,0,310
Bensonhurst,2018,Number,0,311
Borough Park,2018,Number,31687,312
Coney Island,2018,Number,16341,313
Flatbush/Midwood,2018,Number,0,314
Sheepshead Bay,2018,Number,0,315
Brownsville,2018,Number,39867,316
East Flatbush,2018,Number,0,317
Canarsie,2018,Number,4431,318
Astoria,2018,Number,7367,401
Sunnyside/Woodside,2018,Number,47,402
Jackson Heights,2018,Number,0,403
Elmhurst/Corona,2018,Number,0,404
Ridgewood/Glendale,2018,Number,0,405
Rego Park/Forest Hills,2018,Number,0,406
Flushing,2018,Number,7045,407
Fresh Meadows/Briarwood,2018,Number,0,408
Woodhaven,2018,Number,0,409
Howard Beach,2018,Number,0,410
Bayside,2018,Number,40,411
Jamaica/St. Albans,2018,Number,131,412
Queens Village,2018,Number,0,413
The Rockaways,2018,Number,3159,414
St. George,2018,Number,10052,501
South Beach,2018,Number,0,502
Tottenville,2018,Number,0,503
Bronx,2018,Number,330240,36005
Brooklyn,2018,Number,251996,36047
Manhattan,2018,Number,80900,36061
Queens,2018,Number,17789,36081
Staten Island,2018,Number,10052,36085
New York City,2018,Number,690977,3651000
Battery Park/Tribeca,2018,Percent,0,101
Greenwich Village,2018,Percent,0,102
Lower East Side,2018,Percent,0.09626,103
Chelsea/Clinton,2018,Percent,0.00724,104
Midtown Business District,2018,Percent,0.00724,105
Murray Hill/Stuyvesant,2018,Percent,0,106
Upper West Side,2018,Percent,1E-05,107
Upper East Side,2018,Percent,0,108
Manhattanville,2018,Percent,0.05193,109
Central Harlem,2018,Percent,0.1133,110
East Harlem,2018,Percent,0.32998,111
Washington Heights,2018,Percent,0.01883,112
Mott Haven,2018,Percent,0.53238,201
Hunts Point,2018,Percent,0.53238,202
Morrisania,2018,Percent,0.45525,203
Concourse/Highbridge,2018,Percent,0.35874,204
University Heights,2018,Percent,0.47975,205
East Tremont,2018,Percent,0.45525,206
Bedford Park,2018,Percent,0.0429,207
Riverdale,2018,Percent,0.06329,208
Unionport/Soundview,2018,Percent,0.20287,209
Throgs Neck,2018,Percent,0,210
Pelham Parkway,2018,Percent,0.02867,211
Williamsbridge,2018,Percent,0.04003,212
Williamsburg/Greenpoint,2018,Percent,0.26489,301
Fort Greene/Brooklyn Hts,2018,Percent,0.13366,302
Bedford Stuyvesant,2018,Percent,0.24258,303
Bushwick,2018,Percent,0.02685,304
East New York,2018,Percent,0.10935,305
Park Slope,2018,Percent,0.06423,306
Sunset Park,2018,Percent,0.1311,307
Crown Heights North,2018,Percent,0.12377,308
Crown Heights South,2018,Percent,0.0051,309
Bay Ridge,2018,Percent,0,310
Bensonhurst,2018,Percent,0,311
Borough Park,2018,Percent,0.20115,312
Coney Island,2018,Percent,0.14483,313
Flatbush/Midwood,2018,Percent,0,314
Sheepshead Bay,2018,Percent,0,315
Brownsville,2018,Percent,0.34619,316
East Flatbush,2018,Percent,0,317
Canarsie,2018,Percent,0.02137,318
Astoria,2018,Percent,0.04425,401
Sunnyside/Woodside,2018,Percent,0.00034,402
Jackson Heights,2018,Percent,0,403
Elmhurst/Corona,2018,Percent,0,404
Ridgewood/Glendale,2018,Percent,0,405
Rego Park/Forest Hills,2018,Percent,0,406
Flushing,2018,Percent,0.02898,407
Fresh Meadows/Briarwood,2018,Percent,0,408
Woodhaven,2018,Percent,0,409
Howard Beach,2018,Percent,0,410
Bayside,2018,Percent,0.00034,411
Jamaica/St. Albans,2018,Percent,0.00055,412
Queens Village,2018,Percent,0,413
The Rockaways,2018,Percent,0.02601,414
St. George,2018,Percent,0.05813,501
South Beach,2018,Percent,0,502
Tottenville,2018,Percent,0,503
Bronx,2018,Percent,0.23542,36005
Brooklyn,2018,Percent,0.09782,36047
Manhattan,2018,Percent,0.05102,36061
Queens,2018,Percent,0.00783,36081
Staten Island,2018,Percent,0.02148,36085
New York City,2018,Percent,0.0832,3651000
Battery Park/Tribeca,2019,Number,0,101
Greenwich Village,2019,Number,0,102
Lower East Side,2019,Number,23940,103
Chelsea/Clinton,2019,Number,0,104
Midtown Business District,2019,Number,1169,105
Murray Hill/Stuyvesant,2019,Number,0,106
Upper West Side,2019,Number,2,107
Upper East Side,2019,Number,0,108
Manhattanville,2019,Number,5971,109
Central Harlem,2019,Number,7750,110
East Harlem,2019,Number,24393,111
Washington Heights,2019,Number,3737,112
Mott Haven,2019,Number,50918,201
Hunts Point,2019,Number,20672,202
Morrisania,2019,Number,30830,203
Concourse/Highbridge,2019,Number,28507,204
University Heights,2019,Number,33302,205
East Tremont,2019,Number,47183,206
Bedford Park,2019,Number,6744,207
Riverdale,2019,Number,6129,208
Unionport/Soundview,2019,Number,30636,209
Throgs Neck,2019,Number,0,210
Pelham Parkway,2019,Number,3207,211
Williamsbridge,2019,Number,6143,212
Williamsburg/Greenpoint,2019,Number,47542,301
Fort Greene/Brooklyn Hts,2019,Number,8289,302
Bedford Stuyvesant,2019,Number,31157,303
Bushwick,2019,Number,0,304
East New York,2019,Number,23606,305
Park Slope,2019,Number,7793,306
Sunset Park,2019,Number,5170,307
Crown Heights North,2019,Number,11473,308
Crown Heights South,2019,Number,752,309
Bay Ridge,2019,Number,2304,310
Bensonhurst,2019,Number,0,311
Borough Park,2019,Number,28618,312
Coney Island,2019,Number,20979,313
Flatbush/Midwood,2019,Number,0,314
Sheepshead Bay,2019,Number,0,315
Brownsville,2019,Number,25468,316
East Flatbush,2019,Number,0,317
Canarsie,2019,Number,4532,318
Astoria,2019,Number,878,401
Sunnyside/Woodside,2019,Number,0,402
Jackson Heights,2019,Number,0,403
Elmhurst/Corona,2019,Number,0,404
Ridgewood/Glendale,2019,Number,0,405
Rego Park/Forest Hills,2019,Number,0,406
Flushing,2019,Number,0,407
Fresh Meadows/Briarwood,2019,Number,0,408
Woodhaven,2019,Number,0,409
Howard Beach,2019,Number,0,410
Bayside,2019,Number,39,411
Jamaica/St. Albans,2019,Number,128,412
Queens Village,2019,Number,0,413
The Rockaways,2019,Number,3055,414
St. George,2019,Number,5781,501
South Beach,2019,Number,0,502
Tottenville,2019,Number,0,503
Bronx,2019,Number,264271,36005
Brooklyn,2019,Number,217683,36047
Manhattan,2019,Number,66962,36061
Queens,2019,Number,4100,36081
Staten Island,2019,Number,5781,36085
New York City,2019,Number,558797,3651000
Battery Park/Tribeca,2019,Percent,0,101
Greenwich Village,2019,Percent,0,102
Lower East Side,2019,Percent,0.16233,103
Chelsea/Clinton,2019,Percent,0,104
Midtown Business District,2019,Percent,0.0259,105
Murray Hill/Stuyvesant,2019,Percent,0,106
Upper West Side,2019,Percent,1E-05,107
Upper East Side,2019,Percent,0,108
Manhattanville,2019,Percent,0.0578,109
Central Harlem,2019,Percent,0.05735,110
East Harlem,2019,Percent,0.20665,111
Washington Heights,2019,Percent,0.01847,112
Mott Haven,2019,Percent,0.53639,201
Hunts Point,2019,Percent,0.39164,202
Morrisania,2019,Percent,0.34835,203
Concourse/Highbridge,2019,Percent,0.19633,204
University Heights,2019,Percent,0.24627,205
East Tremont,2019,Percent,0.58974,206
Bedford Park,2019,Percent,0.05323,207
Riverdale,2019,Percent,0.0534,208
Unionport/Soundview,2019,Percent,0.17355,209
Throgs Neck,2019,Percent,0,210
Pelham Parkway,2019,Percent,0.02703,211
Williamsbridge,2019,Percent,0.0387,212
Williamsburg/Greenpoint,2019,Percent,0.26729,301
Fort Greene/Brooklyn Hts,2019,Percent,0.07418,302
Bedford Stuyvesant,2019,Percent,0.19335,303
Bushwick,2019,Percent,0,304
East New York,2019,Percent,0.12711,305
Park Slope,2019,Percent,0.06482,306
Sunset Park,2019,Percent,0.03552,307
Crown Heights North,2019,Percent,0.0984,308
Crown Heights South,2019,Percent,0.00717,309
Bay Ridge,2019,Percent,0.01869,310
Bensonhurst,2019,Percent,0,311
Borough Park,2019,Percent,0.18241,312
Coney Island,2019,Percent,0.19861,313
Flatbush/Midwood,2019,Percent,0,314
Sheepshead Bay,2019,Percent,0,315
Brownsville,2019,Percent,0.30338,316
East Flatbush,2019,Percent,0,317
Canarsie,2019,Percent,0.0219,318
Astoria,2019,Percent,0.0052,401
Sunnyside/Woodside,2019,Percent,0,402
Jackson Heights,2019,Percent,0,403
Elmhurst/Corona,2019,Percent,0,404
Ridgewood/Glendale,2019,Percent,0,405
Rego Park/Forest Hills,2019,Percent,0,406
Flushing,2019,Percent,0,407
Fresh Meadows/Briarwood,2019,Percent,0,408
Woodhaven,2019,Percent,0,409
Howard Beach,2019,Percent,0,410
Bayside,2019,Percent,0.00033,411
Jamaica/St. Albans,2019,Percent,0.00054,412
Queens Village,2019,Percent,0,413
The Rockaways,2019,Percent,0.02461,414
St. George,2019,Percent,0.03429,501
South Beach,2019,Percent,0,502
Tottenville,2019,Percent,0,503
Bronx,2019,Percent,0.18872,36005
Brooklyn,2019,Percent,0.08488,36047
Manhattan,2019,Percent,0.04226,36061
Queens,2019,Percent,0.00181,36081
Staten Island,2019,Percent,0.01233,36085
New York City,2019,Percent,0.0675,3651000
Battery Park/Tribeca,2020,Number,0,101
Greenwich Village,2020,Number,0,102
Lower East Side,2020,Number,22103,103
Chelsea/Clinton,2020,Number,0,104
Midtown Business District,2020,Number,1126,105
Murray Hill/Stuyvesant,2020,Number,0,106
Upper West Side,2020,Number,0,107
Upper East Side,2020,Number,0,108
Manhattanville,2020,Number,6084,109
Central Harlem,2020,Number,7225,110
East Harlem,2020,Number,23950,111
Washington Heights,2020,Number,5566,112
Mott Haven,2020,Number,57077,201
Hunts Point,2020,Number,13686,202
Morrisania,2020,Number,30033,203
Concourse/Highbridge,2020,Number,22512,204
University Heights,2020,Number,34894,205
East Tremont,2020,Number,39149,206
Bedford Park,2020,Number,0,207
Riverdale,2020,Number,5337,208
Unionport/Soundview,2020,Number,17050,209
Throgs Neck,2020,Number,261,210
Pelham Parkway,2020,Number,3376,211
Williamsbridge,2020,Number,4014,212
Williamsburg/Greenpoint,2020,Number,39728,301
Fort Greene/Brooklyn Hts,2020,Number,8508,302
Bedford Stuyvesant,2020,Number,27528,303
Bushwick,2020,Number,3829,304
East New York,2020,Number,19080,305
Park Slope,2020,Number,7577,306
Sunset Park,2020,Number,0,307
Crown Heights North,2020,Number,11972,308
Crown Heights South,2020,Number,1117,309
Bay Ridge,2020,Number,10,310
Bensonhurst,2020,Number,0,311
Borough Park,2020,Number,43895,312
Coney Island,2020,Number,14808,313
Flatbush/Midwood,2020,Number,0,314
Sheepshead Bay,2020,Number,0,315
Brownsville,2020,Number,21492,316
East Flatbush,2020,Number,3213,317
Canarsie,2020,Number,4532,318
Astoria,2020,Number,3536,401
Sunnyside/Woodside,2020,Number,236,402
Jackson Heights,2020,Number,0,403
Elmhurst/Corona,2020,Number,0,404
Ridgewood/Glendale,2020,Number,0,405
Rego Park/Forest Hills,2020,Number,0,406
Flushing,2020,Number,0,407
Fresh Meadows/Briarwood,2020,Number,0,408
Woodhaven,2020,Number,0,409
Howard Beach,2020,Number,0,410
Bayside,2020,Number,0,411
Jamaica/St. Albans,2020,Number,123,412
Queens Village,2020,Number,0,413
The Rockaways,2020,Number,3276,414
St. George,2020,Number,10342,501
South Beach,2020,Number,0,502
Tottenville,2020,Number,0,503
Bronx,2020,Number,227389,36005
Brooklyn,2020,Number,207289,36047
Manhattan,2020,Number,66054,36061
Queens,2020,Number,7171,36081
Staten Island,2020,Number,10342,36085
New York City,2020,Number,518245,3651000
Battery Park/Tribeca,2020,Percent,0,101
Greenwich Village,2020,Percent,0,102
Lower East Side,2020,Percent,0.14929,103
Chelsea/Clinton,2020,Percent,0,104
Midtown Business District,2020,Percent,0.02516,105
Murray Hill/Stuyvesant,2020,Percent,0,106
Upper West Side,2020,Percent,0,107
Upper East Side,2020,Percent,0,108
Manhattanville,2020,Percent,0.05939,109
Central Harlem,2020,Percent,0.05375,110
East Harlem,2020,Percent,0.2062,111
Washington Heights,2020,Percent,0.02785,112
Mott Haven,2020,Percent,0.60433,201
Hunts Point,2020,Percent,0.2658,202
Morrisania,2020,Percent,0.34364,203
Concourse/Highbridge,2020,Percent,0.15539,204
University Heights,2020,Percent,0.26679,205
East Tremont,2020,Percent,0.48573,206
Bedford Park,2020,Percent,0,207
Riverdale,2020,Percent,0.04705,208
Unionport/Soundview,2020,Percent,0.09697,209
Throgs Neck,2020,Percent,0.00257,210
Pelham Parkway,2020,Percent,0.02871,211
Williamsbridge,2020,Percent,0.02232,212
Williamsburg/Greenpoint,2020,Percent,0.22477,301
Fort Greene/Brooklyn Hts,2020,Percent,0.07473,302
Bedford Stuyvesant,2020,Percent,0.16822,303
Bushwick,2020,Percent,0.03424,304
East New York,2020,Percent,0.1023,305
Park Slope,2020,Percent,0.06322,306
Sunset Park,2020,Percent,0,307
Crown Heights North,2020,Percent,0.10178,308
Crown Heights South,2020,Percent,0.01073,309
Bay Ridge,2020,Percent,8E-05,310
Bensonhurst,2020,Percent,0,311
Borough Park,2020,Percent,0.27662,312
Coney Island,2020,Percent,0.14175,313
Flatbush/Midwood,2020,Percent,0,314
Sheepshead Bay,2020,Percent,0,315
Brownsville,2020,Percent,0.2601,316
East Flatbush,2020,Percent,0.02114,317
Canarsie,2020,Percent,0.02243,318
Astoria,2020,Percent,0.02122,401
Sunnyside/Woodside,2020,Percent,0.00197,402
Jackson Heights,2020,Percent,0,403
Elmhurst/Corona,2020,Percent,0,404
Ridgewood/Glendale,2020,Percent,0,405
Rego Park/Forest Hills,2020,Percent,0,406
Flushing,2020,Percent,0,407
Fresh Meadows/Briarwood,2020,Percent,0,408
Woodhaven,2020,Percent,0,409
Howard Beach,2020,Percent,0,410
Bayside,2020,Percent,0,411
Jamaica/St. Albans,2020,Percent,0.00052,412
Queens Village,2020,Percent,0,413
The Rockaways,2020,Percent,0.03021,414
St. George,2020,Percent,0.0473,501
South Beach,2020,Percent,0,502
Tottenville,2020,Percent,0,503
Bronx,2020,Percent,0.16329,36005
Brooklyn,2020,Percent,0.08127,36047
Manhattan,2020,Percent,0.04175,36061
Queens,2020,Percent,0.00321,36081
Staten Island,2020,Percent,0.02171,36085
New York City,2020,Percent,0.0629,3651000
